name,category,unit_of_measure,unit_cost,item_type,product_url,last_verified_at,notes,cost_code,is_favorite
"Framing nails 3-1/4 in. x .131 21-deg plastic collated, bright",fasteners,box,43.98,material,https://www.homedepot.com/p/Grip-Rite-3-1-4-in-x-0-131-in-21-Plastic-Collated-Bright-Coated-Smooth-Shank-Round-Head-Framing-Nails-1000-per-Box-GR0241M/202275379,2026-09-23,"1,000 per box. Grip-Rite.",,false
"Framing nails 3-1/4 in. x .131 21-deg, hot-dip galvanized",fasteners,box,54.98,material,https://www.homedepot.com/p/Grip-Rite-3-1-4-in-x-0-131-in-21-Plastic-Collated-Exterior-Galvanized-Smooth-Shank-Framing-Nails-1000-per-Box-GR034HG1M/202275380,2026-09-23,"1,000 per box. Exterior/HDG.",,false
Framing nails 3 in. x .120 21-deg HDG ring shank (HVHZ sheathing),fasteners,box,154.00,material,https://www.homedepot.com/p/Grip-Rite-3-in-x-0-120-in-21-Plastic-Collated-Exterior-Galvanized-Ring-Shank-Framing-Nails-4000-per-Box-GR408HG/100158144,2026-09-23,"4,000 per box, approx 3.9 cents/nail. HVHZ sheathing schedules call for ring shank.",,false
"16d common nails 3-1/2 in. bright, hand drive",fasteners,box,31.73,material,https://www.homedepot.com/p/Grip-Rite-3-1-2-in-x-8-Gauge-16-penny-Bright-Steel-Smooth-Shank-Common-Nails-5-lb-Box-16C5/202308546,2026-09-23,"5 lb box, approx 235 count.",,false
8d common nails 2-1/2 in. bright,fasteners,box,31.73,material,https://www.homedepot.com/p/Grip-Rite-2-1-2-in-x-10-1-4-Gauge-8-penny-Bright-Steel-Smooth-Shank-Common-Nails-5-lb-Box-8C5/202308647,2026-09-23,5 lb box. Same shelf price as 16d at time of check.,,false
Coil roofing nails 1-1/4 in. 15-deg electro-galv smooth shank,roofing,box,49.98,material,https://www.homedepot.com/p/Grip-Rite-1-1-4-in-x-0-120-Gauge-15-Smooth-Shank-Electrogalvanized-Wire-Collated-Coil-Roofing-Nails-7-200-per-Box-GRCR3DGAL/100394342,2026-09-23,"7,200 per box. $34.99 at 3+ boxes.",,false
Cap nails 1 in. collated plastic round cap (underlayment),roofing,box,39.00,material,https://www.homedepot.com/p/Grip-Rite-1-in-x-12-Gauge-Plastic-Round-Cap-Roofing-Nail-3-000-Pack-GCB1/100111688,2026-09-23,"3,000 per pack, approx 1.3 cents each. HVHZ underlayment requires cap fasteners.",,false
"Cap nails 1 in. EG ring shank w/ plastic cap, hand drive",roofing,box,12.91,material,https://www.homedepot.com/p/Grip-Rite-1-in-x-12-Gauge-2-penny-Electrogalvanized-Ring-Shank-Roofing-Nails-with-Plastic-Cap-1-lb-Box-1PRCAP1/100198483,2026-09-23,"1 lb box, approx 280 count.",,false
"Finish nails 16ga x 2-1/2 in. straight, electro-galv",fasteners,box,35.98,material,https://www.homedepot.com/p/2-1-2-in-x-16-Gauge-Electrogalvanized-Steel-Finish-Nails-4000-per-Box-GRF162124M/202994129,2026-09-23,"4,000 per box.",,false
"Brad nails 18ga x 2 in., electro-galv",fasteners,box,32.68,material,https://www.homedepot.com/p/Grip-Rite-2-in-18-Gauge-Brad-Nail-5-000-Pack-GRF182/204718211,2026-09-23,"5,000 per box.",,false
Deck screws #9 x 2-1/2 in. tan star flat head,fasteners,box,29.97,material,https://www.homedepot.com/p/DECKMATE-9-x-2-1-2-in-Tan-Torx-Flat-Head-Wood-Deck-Screw-5-lbs-435-Piece-115981/306587128,2026-09-23,5 lb / 435 pc box. Deckmate.,,false
Deck screws #9 x 2-1/2 in. tan (1 lb),fasteners,box,10.97,material,https://www.homedepot.com/p/Deckmate-2-1-2-in-Tan-Exterior-Self-Starting-Star-Flat-Head-Wood-Deck-Screws-9-1-lb-87-pcs-212DMT1/305418732,2026-09-23,1 lb / 87 pc box.,,false
Deck screws #9 x 3 in. tan,fasteners,box,29.97,material,https://www.homedepot.com/p/Deckmate-9-3-in-Tan-Exterior-Self-Starting-Star-Flat-Head-Wood-Deck-Screws-5-lbs-309-Pieces-3DMT5/305418479,2026-09-23,5 lb / 309 pc box.,,false
Drywall screws #6 x 1-5/8 in. coarse bugle (5 lb),drywall,box,24.98,material,https://www.homedepot.com/p/Grip-Rite-6-x-1-5-8-in-2-Phillips-Bugle-Head-Coarse-Thread-Drywall-Screws-5-lb-Box-158CDWS5/100182191,2026-09-23,5 lb box.,,false
Drywall screws #6 x 1-5/8 in. coarse (1 lb),drywall,box,5.97,material,https://www.homedepot.com/p/Grip-Rite-6-x-1-5-8-in-2-Phillips-Bugle-Head-Coarse-Thread-Drywall-Screw-1-lb-Box-158CDWS1/100112584,2026-09-23,1 lb box.,,false
Drywall screws #6 x 1-5/8 in. coarse (25 lb bucket),drywall,box,49.98,material,https://www.homedepot.com/p/Grip-Rite-6-x-1-5-8-in-2-Phillips-Bugle-Head-Coarse-Thread-Drywall-Screws-25-lb-Bucket-158CDW25BK/100394341,2026-09-23,25 lb bucket. $33.32 at 3+.,,false
Drywall screws #6 x 1-1/4 in. coarse (1 lb),drywall,box,5.97,material,https://www.homedepot.com/p/Grip-Rite-6-x-1-1-4-in-2-Phillips-Bugle-Head-Coarse-Thread-Drywall-Screws-1-lb-Box-114CDWS1/100152392,2026-09-23,1 lb box.,,false
Drywall screws #6 x 1-1/4 in. coarse (5 lb),drywall,box,24.98,material,https://www.homedepot.com/p/Grip-Rite-6-x-1-1-4-in-2-Phillips-Bugle-Head-Coarse-Thread-Drywall-Screws-5-lb-Box-114CDWS5/100120906,2026-09-23,5 lb box.,,false
Construction screws #8 x 1-1/4 in. star dual flat head,fasteners,box,10.98,material,https://www.homedepot.com/p/Grip-Rite-8-x-1-1-4-in-Star-Drive-Dual-Flat-Head-Coarse-Thread-Construction-Screws-1-lb-Box-114GCS1/204982239,2026-09-23,1 lb / approx 184 pc box.,,false
Structural timber screw Simpson SDWS .220 x 5 in.,fasteners,box,44.98,material,https://www.homedepot.com/p/Simpson-Strong-Tie-0-220-in-x-5-in-T40-6-Lobe-Washer-Head-Strong-Drive-SDWS-Timber-Screw-Exterior-Grade-50-Pack-SDWS22500DB-R50/321563395,2026-09-23,"50-pack, exterior grade.",,false
Truss screw Simpson SDWC .155 x 4-1/2 in. (truss to plate),fasteners,box,39.98,material,https://www.homedepot.com/p/Simpson-Strong-Tie-0-155-in-x-4-1-2-in-Black-E-Coat-T30-6-Lobe-Truss-Head-Strong-Drive-SDWC-Truss-Screw-50-Pack-SDWC15450-KT/305494554,2026-09-23,50-pack.,,false
Connector screw Simpson SD #9 x 1-1/2 in. (hurricane ties),fasteners,box,16.65,material,https://www.homedepot.com/p/Simpson-Strong-Tie-9-x-1-1-2-in-1-4-Hex-Drive-Strong-Drive-SD-Connector-Screw-100-Pack-SD9112R100/202071152,2026-09-23,"100-pack, approx 17 cents each. $14.99 at 10+. Simpson uplift values assume these or 8d x 1-1/2.",,false
Tapcon 3/16 in. x 1-3/4 in. hex washer head,fasteners,box,20.97,material,https://www.homedepot.com/p/Tapcon-3-16-in-x-1-3-4-in-Hex-Washer-Head-Concrete-Anchors-75-Piece-24305/100201596,2026-09-23,"75-pack, approx 28 cents each.",,false
Tapcon 3/16 in. x 3-1/4 in. star flat head,fasteners,box,20.97,material,https://www.homedepot.com/p/Tapcon-3-16-in-x-3-1-4-in-Star-Flat-Head-Concrete-Anchors-75-Piece-28307/314117761,2026-09-23,"75-pack, approx 28 cents each.",,false
"Wedge anchor Simpson Strong-Bolt 2, 1/2 in. x 3-3/4 in. zinc",fasteners,each,1.54,material,https://www.homedepot.com/p/Simpson-Strong-Tie-Strong-Bolt-1-2-in-x-3-3-4-in-Zinc-Plated-Wedge-Anchor-10-Pack-STB2-50334R10/300591985,2026-09-23,Sold 10-pack at $15.37. Priced per piece.,,false
"Lag bolt 1/2 in. x 4 in. hex, hot-dip galvanized",fasteners,each,1.36,material,https://www.homedepot.com/p/Everbilt-1-2-in-x-4-in-Hex-Galvanized-Lag-Screw-25-Pack-803970/204274403,2026-09-23,Sold 25-pack at $33.89. Priced per piece.,,false
"Lag bolt 1/2 in. x 4 in. hex, zinc plated",fasteners,each,1.28,material,https://www.homedepot.com/p/Everbilt-1-2-in-x-4-in-Hex-Zinc-Plated-Lag-Screw-25-Pack-801680/204274393,2026-09-23,Sold 25-pack at $31.93. Priced per piece.,,false
Carriage bolt 1/2 in.-13 x 6 in. galvanized,fasteners,each,3.66,material,https://www.homedepot.com/p/Everbilt-1-2-in-13-x-6-in-Galvanized-Carriage-Bolt-25-Pack-803620/204273451,2026-09-23,Sold 25-pack at $91.48. Priced per piece.,,false
Flat washer 1/2 in. galvanized,fasteners,box,11.23,material,https://www.homedepot.com/p/Everbilt-1-2-in-Galvanized-Flat-Washer-25-Pack-802294/204276406,2026-09-23,25-pack.,,false
Hurricane tie Simpson H2.5A 18ga galvanized,hardware,each,0.58,material,https://www.homedepot.com/p/Simpson-Strong-Tie-H2-5A-18-Gauge-Galvanized-Hurricane-Tie-H2-5A/203302239,2026-09-23,52 cents at 100+. Plain galvanized - inland only.,,false
Hurricane tie Simpson H2.5A ZMAX galvanized,hardware,each,0.98,material,https://www.homedepot.com/p/Simpson-Strong-Tie-H2-5A-18-Gauge-ZMAX-Galvanized-Hurricane-Tie-H2-5AZ/100275721,2026-09-23,88 cents at 100+. ZMAX/G185 for coastal exposure.,,false
Hurricane tie Simpson H2.5A stainless steel,hardware,each,5.08,material,https://www.homedepot.com/p/Simpson-Strong-Tie-H2-5A-18-Gauge-Stainless-Steel-Hurricane-Tie-H2-5ASS/203079171,2026-09-23,$4.57 at 100+. Near-saltwater exposure. 8.8x the plain galv price.,,false
Joist hanger Simpson LUS28 (2x8) galvanized,hardware,each,2.98,material,https://www.homedepot.com/p/Simpson-Strong-Tie-LUS-Galvanized-Face-Mount-Joist-Hanger-for-2x8-Nominal-Lumber-LUS28/100375286,2026-09-23,$2.68 at 50+.,,false
Joist hanger Simpson LUS28-2 (double 2x8) galvanized,hardware,each,2.98,material,https://www.homedepot.com/p/Simpson-Strong-Tie-LUS-Galvanized-Face-Mount-Joist-Hanger-for-Double-2x8-Nominal-Lumber-LUS28-2/100374848,2026-09-23,$2.68 at 25+. Same list price as single at time of check - re-confirm.,,false
Strap tie Simpson MSTA24 ZMAX 18ga,hardware,each,3.28,material,https://www.homedepot.com/p/Simpson-Strong-Tie-MSTA-24-in-18-Gauge-ZMAX-Galvanized-Medium-Strap-Tie-MSTA24Z/100375195,2026-09-23,$2.95 at 50+.,,false
Strap tie Simpson MSTA24 stainless steel,hardware,each,28.75,material,https://www.homedepot.com/p/Simpson-Strong-Tie-MSTA-24-in-18-Gauge-Stainless-Steel-Medium-Strap-Tie-MSTA24SS/326867806,2026-09-23,$25.88 at 50+. 8.8x the ZMAX price - corrosion class drives the budget.,,false
Embedded truss anchor Simpson HETA20 (truss to tie beam),hardware,each,2.98,material,https://www.homedepot.com/p/Simpson-Strong-Tie-HETA-20-in-Galvanized-Heavy-Embedded-Truss-Anchor-HETA20/100375124,2026-09-23,$2.68 at 200+. South Florida staple - one per truss on poured/CMU tie beams.,,false
"Door hinge 3-1/2 in. square radius, satin nickel",hardware,each,3.66,material,https://www.homedepot.com/p/Everbilt-3-Pack-3-1-2-in-Satin-Nickel-Square-Radius-Squeak-Free-Butt-Door-Hinge-28646/314151195,2026-09-23,Sold 3-pack at $10.97. Priced per hinge.,,false
"Entry lockset, keyed knob, satin nickel",hardware,each,20.47,material,https://www.homedepot.com/p/Defiant-Hartford-Satin-Nickel-Keyed-Entry-Door-Knob-32TGX200B/323700685,2026-09-23,Defiant Hartford. Builder grade.,,false
"Passage knob, hall/closet, satin nickel",hardware,each,17.97,material,https://www.homedepot.com/p/Defiant-Hartford-Satin-Nickel-Hall-Closet-Door-Knob-32TGX230B/323700877,2026-09-23,Defiant Hartford.,,false
"Deadbolt, single cylinder, satin nickel",hardware,each,11.95,material,https://www.homedepot.com/p/Defiant-Single-Cylinder-Satin-Nickel-Deadbolt-DLX21/202053164,2026-09-23,Defiant.,,false
"Cabinet pull 3 in. center-to-center, satin nickel",hardware,each,1.90,material,https://www.homedepot.com/p/Liberty-Ethan-3-in-76-mm-Center-to-Center-Satin-Nickel-Drawer-Pull-10-Pack-P13101L-SN-U1/202824464,2026-09-23,Sold 10-pack at $18.97. Priced per pull.,,false
"Door stop, 4 in. long spring, satin nickel",hardware,each,2.74,material,https://www.homedepot.com/p/Everbilt-4-in-Satin-Nickel-Long-Spring-Door-Stop-2-Pack-13524/202950141,2026-09-23,Sold 2-pack at $5.47. Priced per piece.,,false
"Shelf bracket 12 in. x 8 in. heavy duty, white steel",hardware,each,11.11,material,https://www.homedepot.com/p/Everbilt-12-in-x-8-in-White-Heavy-Duty-Shelf-Bracket-14327/206091428,2026-09-23,,,false
"Construction adhesive, Liquid Nails Heavy Duty, 10 oz",other,each,3.48,material,https://www.homedepot.com/p/Liquid-Nails-10-oz-Heavy-Duty-Construction-Adhesive-LN-901/202203994,2026-09-23,$2.96 at 24+.,,false
"Construction adhesive, Loctite PL Premium, 10 oz",other,each,7.48,material,https://www.homedepot.com/p/Loctite-PL-Premium-10-oz-Polyurethane-Construction-Adhesive-Tan-Cartridge-each-1390595/202020473,2026-09-23,Polyurethane.,,false
"Silicone sealant, GE Advanced Silicone 2, clear, 10.1 oz",other,each,10.98,material,https://www.homedepot.com/p/GE-Advanced-Silicone-2-Caulk-10-1-oz-Window-and-Door-Sealant-Clear-2811092/317743902,2026-09-23,Window and door.,,false
"Spray foam, Great Stuff Gaps & Cracks, 12 oz",insulation,each,4.48,material,https://www.homedepot.com/p/GREAT-STUFF-12-oz-Gaps-and-Cracks-Insulating-Spray-Foam-Sealant-227112/202893728,2026-09-23,,,false
"Spray foam, Great Stuff Big Gap Filler, 12 oz",insulation,each,5.98,material,https://www.homedepot.com/p/GREAT-STUFF-12-oz-Big-Gap-Filler-Insulating-Spray-Foam-Sealant-363103/202893739,2026-09-23,,,false
"Duct tape, Gorilla silver, 1.88 in. x 30 yd",other,each,10.91,material,https://www.homedepot.com/p/Gorilla-30-yd-Silver-Duct-Tape-105634/316372141,2026-09-23,Per roll.,,false
"Contractor bags 42 gal, Husky",other,box,29.97,material,https://www.homedepot.com/p/Husky-42-Gal-Contractor-Bags-50-Count-HK42WC050B/202973825,2026-09-23,"50-count, approx 60 cents/bag.",,false
"Tarp, blue medium duty 10 ft x 12 ft",other,each,19.28,material,https://www.homedepot.com/p/Everbilt-10-ft-x-12-ft-Blue-Tarp-HLD1012M/206184456,2026-09-23,120 sq ft.,,false
"Utility blades, heavy duty, dispenser",other,box,16.97,material,https://www.homedepot.com/p/Husky-Heavy-Duty-Utility-Blades-Dispenser-100-Pack-HKHT19057/205037418,2026-09-23,100-pack.,,false
"Marking chalk, blue, 8 oz",other,each,3.47,material,https://www.homedepot.com/p/DEWALT-8-oz-Chalk-in-Blue-DWHT47049/204465515,2026-09-23,HD lists this title as a chalk reel; page content and price indicate chalk refill. Verify at the shelf.,,false
"Mason line, nylon, 500 ft reel",other,each,14.26,material,https://www.homedepot.com/p/Everbilt-500-ft-White-Nylon-Mason-Line-Reel-814080/315846124,2026-09-23,,,false
"Mesh drywall joint tape, 1-7/8 in. x 500 ft",drywall,each,16.75,material,https://www.homedepot.com/p/Saint-Gobain-ADFORS-FibaTape-Standard-White-1-7-8-in-x-500-ft-Self-Adhesive-Mesh-Drywall-Joint-Tape-FDW8662-U/100401004,2026-09-23,Per roll. FibaTape self-adhesive.,,false
"Behr Premium Plus interior eggshell, Ultra Pure White",paint,gallon,37.98,material,https://www.homedepot.com/p/BEHR-PREMIUM-PLUS-1-gal-Ultra-Pure-White-Eggshell-Enamel-Low-Odor-Interior-Paint-Primer-205001/202761520,2026-09-23,$33.08/gal at 5+ gallons.,,false
Behr Premium Plus interior eggshell (5-gal pail),paint,gallon,33.60,material,https://www.homedepot.com/p/BEHR-PREMIUM-PLUS-5-gal-Ultra-Pure-White-Eggshell-Enamel-Low-Odor-Interior-Paint-Primer-205005/202761693,2026-09-23,Pail price $168.00. Priced per gallon.,,false
"Behr Marquee interior eggshell, Ultra Pure White",paint,gallon,56.98,material,https://www.homedepot.com/p/BEHR-MARQUEE-1-gal-Ultra-Pure-White-Eggshell-Enamel-Interior-Paint-Primer-245001/204747490,2026-09-23,,,false
"Behr Premium Plus exterior satin, Ultra Pure White",paint,gallon,49.98,material,https://www.homedepot.com/p/BEHR-PREMIUM-PLUS-1-gal-Ultra-Pure-White-Satin-Enamel-Exterior-Paint-Primer-905001/100163868,2026-09-23,$44.79/gal at 5+ gallons.,,false
Behr Premium Plus exterior satin (5-gal pail),paint,gallon,45.00,material,https://www.homedepot.com/p/BEHR-PREMIUM-PLUS-5-gal-Ultra-Pure-White-Satin-Enamel-Exterior-Paint-Primer-905005/100170068,2026-09-23,Pail price $225.00. Priced per gallon.,,false
"Behr Marquee exterior satin, Ultra Pure White",paint,gallon,69.98,material,https://www.homedepot.com/p/BEHR-MARQUEE-1-gal-Ultra-Pure-White-Satin-Enamel-Exterior-Paint-Primer-945001/203955811,2026-09-23,,,false
"Kilz 2 All Purpose primer, white",paint,gallon,22.98,material,https://www.homedepot.com/p/KILZ-KILZ-2-ALL-PURPOSE-1-gal-White-Interior-Exterior-Multi-Surface-Primer-Sealer-and-Stain-Blocker-20941/100096395,2026-09-23,Water-based.,,false
"Kilz Original oil-based primer, white",paint,gallon,33.98,material,https://www.homedepot.com/p/KILZ-Original-1-Gal-White-Oil-Based-Interior-Primer-Sealer-and-Stain-Blocker-10901/100371321,2026-09-23,Stain blocker.,,false
"Painter's caulk, acrylic latex + silicone, 10.1 oz",paint,each,4.18,material,https://www.homedepot.com/p/DAP-Alex-Plus-10-1-oz-White-Acrylic-Latex-Caulk-Plus-Silicone-18103/100097524,2026-09-23,DAP Alex Plus.,,false
Painter's tape 1.88 in. x 60 yd,paint,each,6.01,material,https://www.homedepot.com/p/3M-ScotchBlue-1-88-in-x-60-yds-Original-Multi-Use-Painter-s-Tape-6-Pack-2090-48A-CP/100120991,2026-09-23,Sold 6-pack at $36.07. Priced per roll.,,false
"Canvas drop cloth 9 ft x 12 ft, heavy duty",paint,each,39.98,material,https://www.homedepot.com/p/Everbilt-9-Ft-x-12-Ft-Heavy-Duty-Canvas-Drop-Cloth-91210OZ/203866107,2026-09-23,,,false
Roller covers 9 in. x 3/8 in. nap microfiber,paint,box,12.98,material,https://www.homedepot.com/p/9-in-x-3-8-in-Microfiber-Paint-Roller-Cover-3-Pack-HD-RS-1733/203230113,2026-09-23,3-pack.,,false
"Thinset, VersaBond gray polymer-modified, 50 lb",finishes,bag,17.98,material,https://www.homedepot.com/p/Custom-Building-Products-VersaBond-50-lb-Gray-Professional-Polymer-Modified-Thinset-Mortar-MTSG50/100162542,2026-09-23,"PRICE CONFLICT: product page $17.98, category page $12.97, both read 2026-09-23. Higher figure recorded so a bid is not built on the lower one. Confirm with the store.",,false
"Thinset, VersaBond white polymer-modified, 50 lb",finishes,bag,17.98,material,https://www.homedepot.com/p/Custom-Building-Products-VersaBond-50-lb-White-Professional-Polymer-Modified-Thinset-Mortar-MTSW50/100091767,2026-09-23,"PRICE CONFLICT: product page $17.98, category page $14.97, both read 2026-09-23. Higher figure recorded so a bid is not built on the lower one. Confirm with the store.",,false
"Sanded grout, Polyblend Plus, 25 lb (bright white)",finishes,bag,19.48,material,https://www.homedepot.com/p/Custom-Building-Products-Polyblend-Plus-381-Bright-White-25-lb-Sanded-Grout-PBPG38125/313291666,2026-09-23,,,false
"Sanded grout, Polyblend, 25 lb (quartz)",finishes,bag,13.48,material,https://www.homedepot.com/p/Custom-Building-Products-Polyblend-101-Quartz-25-lb-Sanded-Grout-PBG10125/100114599,2026-09-23,,,false
"Cement backer board, HardieBacker 1/2 in. x 3 ft x 5 ft",finishes,each,15.41,material,https://www.homedepot.com/p/James-Hardie-Hardie-Backer-1-2-in-x-3-ft-x-5-ft-Cement-Backer-Board-220023/100170507,2026-09-23,"15 sq ft/sheet, $1.03/sq ft. $13.87 at 30+.",,false
Backer board screws #9 x 1-5/8 in. star drive,finishes,box,40.47,material,https://www.homedepot.com/p/9-x-1-5-8-in-Star-Drive-Serrated-Head-Cement-Board-Screws-575-Pack-23515/314498882,2026-09-23,575-pack.,,false
Tile spacers 1/8 in. leave-in,finishes,box,2.97,material,https://www.homedepot.com/p/QEP-1-8-in-Leave-in-Hard-Style-Tile-Spacers-200-pack-10331Q-20/300435843,2026-09-23,200-pack.,,false
"Subway tile 3x6 gloss white, builder grade",finishes,sq_ft,1.20,material,https://www.homedepot.com/p/Daltile-Restore-Bright-White-3-in-x-6-in-Glossy-Ceramic-Subway-Wall-Tile-12-5-sq-ft-case-RE1536MODHD1P4/302575146,2026-09-23,Daltile Restore. 12.5 sq ft case at $15.00.,,false
"Subway tile 3x6 matte white, upgrade grade",finishes,sq_ft,3.67,material,https://www.homedepot.com/p/Daltile-Rittenhouse-Square-Matte-Arctic-White-3-in-x-6-in-Ceramic-Subway-Wall-Tile-12-5-sq-ft-case-079036MOD1P4/202629085,2026-09-23,Daltile Rittenhouse. 12.5 sq ft case at $45.88.,,false
"Luxury vinyl plank, 22 MIL click-lock waterproof",finishes,sq_ft,3.28,material,https://www.homedepot.com/p/Lifeproof-Fresh-Oak-22-MIL-x-8-7-in-W-x-48-in-L-Click-Lock-Waterproof-Luxury-Vinyl-Plank-Flooring-20-1-sqft-case-I96711LP/309083453,2026-09-23,Lifeproof. 20.1 sq ft case at $65.99.,,false
MDF baseboard 9/16 in. x 5-1/4 in. primed,finishes,linear_ft,2.46,material,https://www.homedepot.com/p/Woodgrain-Millwork-1866-9-16-in-x-5-1-4-in-x-96-in-Primed-MDF-Baseboard-Moulding-1-Piece-8-Total-Linear-Feet-10001790/203209462,2026-09-23,Sold in 8 LF pieces at $19.68.,,false
Quarter round 3/4 in. x 3/4 in. finished white,finishes,linear_ft,1.09,material,https://www.homedepot.com/p/TRIMFINITY-105-3-4-in-x-3-4-in-x-96-in-Finished-White-Quarter-Round-Moulding-1-Piece-8-Total-Linear-Feet-10001969/204188256,2026-09-23,Sold in 8 LF pieces at $8.73.,,false
Prehung hollow core interior door 30 in. x 80 in. 6-panel,finishes,each,358.00,material,https://www.homedepot.com/p/Masonite-30-in-x-80-in-6-Panel-Left-Handed-Primed-Composite-Hollow-Core-Single-Prehung-Interior-Door-4-9-16-in-Flat-Jamb-17880/202872499,2026-09-23,"Masonite, 4-9/16 in. flat jamb, primed.",,false
"Synthetic roof underlayment, 10 sq roll",roofing,each,139.00,material,https://www.homedepot.com/p/Owens-Corning-ProArmor-1001-sq-ft-Synthetic-Roof-Underlayment-Roll-PROA21/302659836,2026-09-23,"Owens Corning ProArmor, 1,001 sq ft per roll.",,false
"Roof cement, wet patch, 3.3 gal",roofing,each,65.24,material,https://www.homedepot.com/p/Henry-208-Wet-Patch-Black-Roof-Leak-Repair-Sealant-3-3-gal-HE208361/100076716,2026-09-23,Henry 208.,,false
Romex NM-B 14/2 with ground,electrical,linear_ft,0.50,material,https://www.homedepot.com/p/Southwire-250-ft-14-2-Solid-Romex-SIMpull-CU-NM-B-W-G-Wire-28827455/100010980,2026-09-23,250 ft roll at $124.00.,,false
Romex NM-B 12/2 with ground,electrical,linear_ft,0.72,material,https://www.homedepot.com/p/Southwire-250-ft-12-2-Solid-Romex-SIMpull-CU-NM-B-W-G-Wire-28828255/100048873,2026-09-23,250 ft roll at $179.00.,,false
Romex NM-B 12/3 with ground,electrical,linear_ft,1.49,material,https://www.homedepot.com/p/Southwire-250-ft-12-3-Solid-Romex-SIMpull-CU-NM-B-W-G-Wire-63947655/202316276,2026-09-23,"250 ft roll at $373.37. RE-CHECK: more than 2x the 12/2 rate, wider than conductor count explains.",,false
"Single-pole toggle switch 15A, white",electrical,each,0.83,material,https://www.homedepot.com/p/Leviton-15-Amp-Single-Pole-Switch-White-10-Pack-1451-2WM-M24-01451-2WM/100075329,2026-09-23,Sold 10-pack at $8.28. Priced per device.,,false
"3-way switch, Decora 15A, white",electrical,each,3.80,material,https://www.homedepot.com/p/Leviton-Decora-15-Amp-3-Way-Specialty-Light-Switch-White-10-Pack-M52-05603-0WM/311526990,2026-09-23,Sold 10-pack at $37.97. Priced per device.,,false
"Smart dimmer, Lutron Caseta 150W LED",electrical,each,64.95,material,https://www.homedepot.com/p/Lutron-Caseta-Smart-Dimmer-Switch-for-Wall-Ceiling-Lights-150W-LED-White-PD-6WCL-WH-R-PD-6WCL-WH-R/206828225,2026-09-23,,,false
"Duplex receptacle 15A, white",electrical,each,0.65,material,https://www.homedepot.com/p/Leviton-15-Amp-125-V-Duplex-Outlet-Receptacle-White-10-Pack-5320-WMP-M24-05320-WMP/100055784,2026-09-23,Sold 10-pack at $6.48. Priced per device.,,false
"Tamper-resistant receptacle, Decora 15A, white",electrical,each,2.46,material,https://www.homedepot.com/p/Leviton-Decora-15-Amp-125-V-Tamper-Resistant-Duplex-Outlet-Receptacle-White-10-Pack-T5325-WMP-M22-T5325-WMP/100684055,2026-09-23,Sold 10-pack at $24.58. Priced per device. TR required in dwellings.,,false
"GFCI receptacle 20A self-test slim, white",electrical,each,14.73,material,https://www.homedepot.com/p/Leviton-20-Amp-125-Volt-Duplex-Self-Test-Slim-GFCI-Outlet-White-4-Pack-GFNT2-4W-M42-GFNT2-04W/305340194,2026-09-23,4-pack at $58.92. Single unit price is $23.48 - buy in packs.,,false
"Wall plate 1-gang duplex, standard, white",electrical,each,0.55,material,https://www.homedepot.com/p/Leviton-1-Gang-White-Duplex-Outlet-Receptacle-Plastic-Standard-Wall-Plate-10-Pack-88003-WMP-M24-88003-WMP/100357040,2026-09-23,Sold 10-pack at $5.47.,,false
"Wall plate 1-gang Decora/rocker, white",electrical,each,0.76,material,https://www.homedepot.com/p/Leviton-1-Gang-White-Decora-Rocker-Plastic-Standard-Wall-Plate-10-Pack-80401-WMP-M24-80401-WMP/100032853,2026-09-23,Sold 10-pack at $7.58.,,false
Old-work box 1-gang 20 cu in PVC,electrical,each,3.98,material,https://www.homedepot.com/p/Carlon-1-Gang-20-cu-in-Blue-PVC-Old-Work-Electrical-Switch-and-Outlet-Box-B120R/202077323,2026-09-23,,,false
"Ceiling fan rated box, 4 in. round 15.3 cu in metallic",electrical,each,5.47,material,https://www.homedepot.com/p/Commercial-Electric-4-in-Round-1-1-2-in-Deep-15-3-cu-in-Metallic-Ceiling-Fan-Light-Fixture-Box-for-Old-New-Work-CMB150/205383181,2026-09-23,,,false
"Breaker, Square D Homeline 20A single-pole",electrical,each,7.51,material,https://www.homedepot.com/p/Square-D-Homeline-20-Amp-Single-Pole-Circuit-Breaker-HOM120CP-HOM120CP/100045009,2026-09-23,,,false
"Breaker, Square D Homeline 30A 2-pole",electrical,each,18.24,material,https://www.homedepot.com/p/Square-D-Homeline-30-Amp-2-Pole-Circuit-Breaker-HOM230CP-HOM230CP/202353325,2026-09-23,,,false
"Breaker, Square D Homeline 50A 2-pole",electrical,each,18.24,material,https://www.homedepot.com/p/Square-D-Homeline-50-Amp-2-Pole-Circuit-Breaker-HOM250CP-HOM250CP/202353323,2026-09-23,,,false
"Load center, Homeline 200A 20-space/40-circuit indoor MB",electrical,each,164.86,material,https://www.homedepot.com/p/Square-D-Homeline-200-Amp-20-Space-40-Circuit-Indoor-Main-Breaker-Plug-On-Neutral-Load-Center-with-Cover-HOM2040M200PC/204836342,2026-09-23,"Plug-on neutral, with cover.",,false
"Smoke/CO combo alarm, hardwired interconnected",electrical,each,35.99,material,https://www.homedepot.com/p/First-Alert-Hardwired-Interconnected-Smoke-and-CO-Alarm-with-Battery-Backup-SC9120B/202433890,2026-09-23,Battery backup.,,false
"Electrical tape, Scotch Super 33+, 3/4 in. x 66 ft",electrical,each,7.33,material,https://www.homedepot.com/p/3M-Scotch-Super-33-3-4-in-x-66-ft-Electrical-Tape-6132-BA-10/100073402,2026-09-23,Per roll.,,false
"PVC conduit 1/2 in. Sch 40, 10 ft",electrical,each,7.74,material,https://www.homedepot.com/p/1-2-in-x-10-ft-PVC-Schedule-40-Conduit-67447/100122861,2026-09-23,Per 10 ft stick.,,false
"PVC conduit 3/4 in. Sch 40, 10 ft",electrical,each,10.32,material,https://www.homedepot.com/p/3-4-in-x-10-ft-PVC-Schedule-40-Conduit-67454/100129197,2026-09-23,Per 10 ft stick.,,false
PEX-B 1/2 in. blue,plumbing,linear_ft,0.33,material,https://www.homedepot.com/p/SharkBite-1-2-in-x-100-ft-Coil-Blue-PEX-Pipe-U860B100/202033010,2026-09-23,100 ft coil at $33.30.,,false
PEX-B 1/2 in. red,plumbing,linear_ft,0.33,material,https://www.homedepot.com/p/SharkBite-1-2-in-x-100-ft-Coil-Red-PEX-B-Pipe-U860R100/202033011,2026-09-23,100 ft coil at $33.30.,,false
PEX copper crimp rings 1/2 in.,plumbing,each,0.29,material,https://www.homedepot.com/p/SharkBite-1-2-in-PEX-Barb-Copper-Crimp-Rings-100-Pack-23102ZJ100/314176840,2026-09-23,100-pack at $29.06.,,false
PEX barb brass coupling 1/2 in.,plumbing,each,2.05,material,https://www.homedepot.com/p/SharkBite-1-2-in-PEX-Barb-Brass-Coupling-Fitting-10-Pack-UC008LFA10/206133170,2026-09-23,10-pack at $20.51.,,false
"PVC DWV pipe 1-1/2 in. Sch 40, 10 ft",plumbing,each,20.69,material,https://www.homedepot.com/p/Charlotte-Pipe-1-1-2-in-x-10-ft-PVC-Schedule-40-DWV-Pipe-PVC071120600/100348474,2026-09-23,$2.07/ft.,,false
"PVC DWV pipe 3 in. Sch 40 solid wall, 10 ft",plumbing,each,56.67,material,https://www.homedepot.com/p/Charlotte-Pipe-3-in-x-10-ft-PVC-Schedule-40-DWV-Pipe-PVC073000600/100348476,2026-09-23,$5.67/ft. Solid wall - 73% more than foam core.,,false
"PVC DWV pipe 3 in. Sch 40 foam core, 10 ft",plumbing,each,32.78,material,https://www.homedepot.com/p/Charlotte-Pipe-3-in-x-10-ft-PVC-Schedule-40-Foam-Core-DWV-Pipe-PVC-04300-0600/100348479,2026-09-23,$3.28/ft. $26.22 at 10+. Foam core is not accepted everywhere - confirm with the AHJ.,,false
"PVC DWV pipe 4 in. Sch 40, 10 ft",plumbing,each,77.13,material,https://www.homedepot.com/p/Charlotte-Pipe-4-in-x-10-ft-PVC-Schedule-40-DWV-Pipe-PVC074000600/100348477,2026-09-23,$7.71/ft.,,false
PVC DWV sanitary tee 1-1/2 in.,plumbing,each,3.76,material,https://www.homedepot.com/p/Charlotte-Pipe-1-1-2-in-PVC-DWV-Sanitary-Tee-PVC004000800HD/203393640,2026-09-23,,,false
PVC DWV 90-deg long turn elbow 1-1/2 in.,plumbing,each,7.34,material,https://www.homedepot.com/p/Charlotte-Pipe-1-1-2-in-DWV-PVC-90-degree-Long-Turn-Elbow-Fitting-PVC003090600HD/203811460,2026-09-23,,,false
P-trap 1-1/2 in. PVC DWV with union,plumbing,each,8.76,material,https://www.homedepot.com/p/Charlotte-Pipe-1-1-2-in-DWV-PVC-P-Trap-with-Union-and-Plastic-Nut-PVC00708P0800HD/203396354,2026-09-23,,,false
"PVC cement + purple primer combo, 8 oz",plumbing,set,11.98,material,https://www.homedepot.com/p/Oatey-8-oz-Purple-CPVC-and-PVC-Primer-and-Regular-Clear-PVC-Cement-Combo-Pack-302483/100151579,2026-09-23,,,false
"Angle stop 1/4-turn, 1/2 in. comp x 3/8 in. comp",plumbing,each,9.73,material,https://www.homedepot.com/p/BrassCraft-1-2-in-Compression-Inlet-x-3-8-in-Compression-Outlet-1-4-Turn-Angle-Valve-G2CR19X-C1/202047059,2026-09-23,,,false
"Toilet supply kit, 12 in. braided line + ball angle valve + flange",plumbing,set,20.44,material,https://www.homedepot.com/p/BrassCraft-Toilet-Kit-12-in-Braided-Supply-Line-with-1-2-in-Comp-x-3-8-in-Comp-1-4-Turn-Ball-Angle-Valve-and-Flange-KTCR19B12DLX-C/205217239,2026-09-23,,,false
"Toilet flange, PVC hub with stainless ring",plumbing,each,10.96,material,https://www.homedepot.com/p/Oatey-Fast-Set-3-in-Outside-Fit-or-4-in-Inside-Fit-PVC-Hub-Toilet-Flange-with-Test-Cap-and-Stainless-Steel-Ring-435922/305248440,2026-09-23,"Oatey Fast Set, 3 in. outside / 4 in. inside fit.",,false
"Shower valve rough-in, Moen Posi-Temp PEX crimp",plumbing,each,102.00,material,https://www.homedepot.com/p/MOEN-Brass-Rough-In-Posi-Temp-Tub-and-Shower-Valve-1-2-in-Crimp-Ring-PEX-Connection-2580/203399500,2026-09-23,,,false
"Shower valve rough-in, Moen Posi-Temp 1/2 in. CC",plumbing,each,90.78,material,https://www.homedepot.com/p/MOEN-Brass-Rough-In-Posi-Temp-Pressure-Balancing-Cycling-Tub-and-Shower-Valve-1-2-in-CC-Connection-2520/100000810,2026-09-23,,,false
"Shower trim kit, Moen Chateau Posi-Temp, chrome",plumbing,each,39.98,material,https://www.homedepot.com/p/MOEN-Chateau-Lever-Posi-Temp-1-Handle-Shower-Valve-Trim-Kit-in-Chrome-Valve-Not-Included-181119/316606664,2026-09-23,Valve not included.,,false
"Water heater, 40 gal electric tall, 4500W",plumbing,each,489.00,material,https://www.homedepot.com/p/Rheem-Performance-40-Gal-Tall-4500-Watt-Double-Element-Electric-Water-Heater-with-6-Year-Warranty-XE40T06ST45U1/326590441,2026-09-23,"Rheem Performance, 6-year warranty. $440.10 at 3+.",,false
"Toilet, 2-piece 1.28 GPF elongated, seat included",plumbing,each,99.00,material,https://www.homedepot.com/p/Glacier-Bay-12-in-Rough-In-2-Piece-1-28-GPF-Single-Flush-Elongated-Toilet-in-White-Seat-Included-N2428E-17/336961030,2026-09-23,"Glacier Bay, 12 in. rough-in.",,false
"Kitchen sink 33 in. drop-in 50/50 double bowl, 22ga SS",plumbing,each,79.00,material,https://www.homedepot.com/p/Glacier-Bay-33-in-Drop-In-50-50-Double-Bowl-22-Gauge-Stainless-Steel-Kitchen-Sink-VT3322A06/323052495,2026-09-23,,,false
Bath vanity 31 in. single sink with cultured marble top,plumbing,each,199.00,material,https://www.homedepot.com/p/Glacier-Bay-31-in-Single-Sink-White-Bath-Vanity-with-White-Cultured-Marble-Top-Assembled-GB30P2-WH/203486570,2026-09-23,Assembled.,,false
"Garbage disposal, 1/2 HP continuous feed with cord",plumbing,each,121.91,material,https://www.homedepot.com/p/InSinkErator-Badger-5-1-2-HP-Continuous-Feed-Kitchen-Garbage-Disposal-with-Power-Cord-Badger-Series-79883A-ISE/300278672,2026-09-23,InSinkErator Badger 5.,,false
"2x4x8 stud, #2 premium KD-HT",lumber,each,4.25,material,https://www.homedepot.com/b/Lumber-Composites-Dimensional-Lumber-Framing-Studs/2x4/N-5yc1vZc562Z1z0ywxv,2026-09-23,,,false
"2x4x92-5/8 precut stud, prime whitewood",lumber,each,4.15,material,https://www.homedepot.com/b/Lumber-Composites-Dimensional-Lumber-Framing-Studs/2x4/N-5yc1vZc562Z1z0ywxv,2026-09-23,Precut for 8 ft wall.,,false
"2x4x92-5/8 precut stud, #2 standard SPF",lumber,each,3.97,material,https://www.homedepot.com/b/Lumber-Composites-Dimensional-Lumber-Framing-Studs/2x4/N-5yc1vZc562Z1z0ywxv,2026-09-23,Precut for 8 ft wall.,,false
"2x4x10, #2 grade SPF",lumber,each,7.36,material,https://www.homedepot.com/b/Lumber-Composites-Dimensional-Lumber/N-5yc1vZc3tc,2026-09-23,,,false
"2x4x12, #2 premium SPF",lumber,each,8.84,material,https://www.homedepot.com/b/Lumber-Composites-Dimensional-Lumber/N-5yc1vZc3tc,2026-09-23,,,false
"2x6x8, #2 premium SPF",lumber,each,8.62,material,https://www.homedepot.com/b/Lumber-Composites-Dimensional-Lumber-Framing-Lumber/2x6/N-5yc1vZc55wZ1z0ywy6,2026-09-23,,,false
"2x6x10, #2 premium SPF",lumber,each,10.75,material,https://www.homedepot.com/b/Lumber-Composites-Dimensional-Lumber/2x6/10-ft/N-5yc1vZc3tcZ1z0ywy6Z1z1rkse,2026-09-23,$9.68 at 35+.,,false
"2x6x12, #2 premium SPF",lumber,each,12.92,material,https://www.homedepot.com/b/Lumber-Composites-Dimensional-Lumber-Framing-Lumber/2x6/N-5yc1vZc55wZ1z0ywy6,2026-09-23,,,false
"2x6x16, #2 premium SPF",lumber,each,17.22,material,https://www.homedepot.com/b/Lumber-Composites-Dimensional-Lumber-Framing-Lumber/2x6/N-5yc1vZc55wZ1z0ywy6,2026-09-23,,,false
"2x10x8, #2 premium SYP",lumber,each,12.96,material,https://www.homedepot.com/b/Lumber-Composites-Dimensional-Lumber/2x10/N-5yc1vZc3tcZ1z0ywxp,2026-09-23,,,false
"2x10x10, #2 premium SYP",lumber,each,15.73,material,https://www.homedepot.com/b/Lumber-Composites-Dimensional-Lumber/2x10/N-5yc1vZc3tcZ1z0ywxp,2026-09-23,,,false
"2x10x12, #2 premium SYP",lumber,each,19.12,material,https://www.homedepot.com/b/Lumber-Composites-Dimensional-Lumber/2x10/N-5yc1vZc3tcZ1z0ywxp,2026-09-23,,,false
"2x4x8 pressure treated, #2 ground contact",lumber,each,4.58,material,https://www.homedepot.com/b/Lumber-Composites-Pressure-Treated-Lumber/2-in-x-4-in/N-5yc1vZc3srZ1z1c7kp,2026-09-23,Ground contact.,,false
"2x4x10 pressure treated, #2 prime ground contact",lumber,each,8.38,material,https://www.homedepot.com/b/Lumber-Composites-Pressure-Treated-Lumber/2-in-x-4-in/N-5yc1vZc3srZ1z1c7kp,2026-09-23,Ground contact.,,false
"4x4x8 pressure treated post, #2 ground contact SYP",lumber,each,10.78,material,https://www.homedepot.com/b/Lumber-Composites-Pressure-Treated-Lumber/4-in-x-4-in/N-5yc1vZc3srZ1z0n4vl,2026-09-23,Ground contact.,,false
4x4x10 pressure treated post,lumber,each,16.58,material,https://www.homedepot.com/b/Lumber-Composites-Pressure-Treated-Lumber/4-in-x-4-in/N-5yc1vZc3srZ1z0n4vl,2026-09-23,,,false
Furring strip 1x2x8,lumber,each,1.54,material,https://www.homedepot.com/b/Lumber-Composites-Dimensional-Lumber/N-5yc1vZc3tc,2026-09-23,,,false
2x3x8,lumber,each,3.48,material,https://www.homedepot.com/b/Lumber-Composites-Dimensional-Lumber/N-5yc1vZc3tc,2026-09-23,,,false
OSB sheathing 7/16 in. 4x8,lumber,each,12.98,material,https://www.homedepot.com/b/Lumber-Composites-Plywood-Oriented-Strand-Board-OSB/7-16/N-5yc1vZbqpqZ1z0mcpw,2026-09-23,"Per sheet, 32 sq ft.",,false
OSB Huber ZIP wall sheathing 7/16 in. 4x8,lumber,each,35.86,material,https://www.homedepot.com/b/Lumber-Composites-Plywood-Oriented-Strand-Board-OSB/7-16/N-5yc1vZbqpqZ1z0mcpw,2026-09-23,Per sheet. Integrated WRB.,,false
OSB 7/16 in. 4x9 TallWall,lumber,each,18.95,material,https://www.homedepot.com/b/Lumber-Composites-Plywood-Oriented-Strand-Board-OSB/7-16/N-5yc1vZbqpqZ1z0mcpw,2026-09-23,"Per sheet, 36 sq ft.",,false
Plywood 3/4 in. (23/32) BC sanded pine 4x8,lumber,each,50.80,material,https://www.homedepot.com/b/Lumber-Composites-Plywood-Sanded-Plywood/4-ft-x-8-ft/N-5yc1vZc7qkZ1z1a6x9,2026-09-23,Per sheet.,,false
Plywood 1/2 in. (15/32) BC sanded pine 4x8,lumber,each,42.37,material,https://www.homedepot.com/b/Lumber-Composites-Plywood-Sanded-Plywood/4-ft-x-8-ft/N-5yc1vZc7qkZ1z1a6x9,2026-09-23,Per sheet. CDX was not available online - see gap list.,,false
Plywood 1/4 in. BC sanded pine 4x8,lumber,each,31.50,material,https://www.homedepot.com/b/Lumber-Composites-Plywood-Sanded-Plywood/4-ft-x-8-ft/N-5yc1vZc7qkZ1z1a6x9,2026-09-23,Per sheet. Luan substitute.,,false
"Drywall 1/2 in. x 4x8, USG UltraLight",drywall,each,16.68,material,https://www.homedepot.com/b/Building-Materials-Drywall-Drywall-Sheets/N-5yc1vZbb52,2026-09-23,"Per sheet, 32 sq ft.",,false
"Drywall 1/2 in. x 4x10, USG UltraLight",drywall,each,20.85,material,https://www.homedepot.com/b/Building-Materials-Drywall-Drywall-Sheets/N-5yc1vZbb52,2026-09-23,"Per sheet, 40 sq ft.",,false
"Drywall 1/2 in. x 4x12, USG UltraLight",drywall,each,25.00,material,https://www.homedepot.com/b/Building-Materials-Drywall-Drywall-Sheets/N-5yc1vZbb52,2026-09-23,"Per sheet, 48 sq ft.",,false
"Drywall 5/8 in. Type X 4x8, USG Firecode X",drywall,each,17.78,material,https://www.homedepot.com/b/Building-Materials-Drywall-Drywall-Sheets/N-5yc1vZbb52,2026-09-23,Per sheet. Fire-rated assemblies.,,false
"Drywall 5/8 in. Type X 4x12, Firecode X",drywall,each,24.44,material,https://www.homedepot.com/b/Building-Materials-Drywall-Drywall-Sheets/N-5yc1vZbb52,2026-09-23,Per sheet.,,false
"Drywall 1/2 in. moisture-resistant 4x8, Mold Tough",drywall,each,23.58,material,https://www.homedepot.com/b/Building-Materials-Drywall-Drywall-Sheets/N-5yc1vZbb52,2026-09-23,Per sheet. Wet areas.,,false
"Drywall 5/8 in. Type X moisture-resistant, Mold Tough Firecode X",drywall,each,23.42,material,https://www.homedepot.com/b/Building-Materials-Drywall-Drywall-Sheets/N-5yc1vZbb52,2026-09-23,Per sheet.,,false
"Joint compound, all-purpose ready-mix, 4.5 gal",drywall,each,23.65,material,https://www.homedepot.com/b/Building-Materials-Drywall-Joint-Compound/N-5yc1vZard1,2026-09-23,Per bucket.,,false
"Joint compound, lightweight (Plus 3), 4.5 gal",drywall,each,23.65,material,https://www.homedepot.com/b/Building-Materials-Drywall-Joint-Compound/N-5yc1vZard1,2026-09-23,Per bucket.,,false
"Joint compound, ultralightweight, 4.5 gal",drywall,each,23.65,material,https://www.homedepot.com/b/Building-Materials-Drywall-Joint-Compound/N-5yc1vZard1,2026-09-23,Per bucket.,,false
"Setting compound, Easy Sand 45, 18 lb",drywall,bag,13.62,material,https://www.homedepot.com/b/Building-Materials-Drywall-Joint-Compound/N-5yc1vZard1,2026-09-23,45-minute set.,,false
Paper joint tape 2-1/16 in. x 500 ft,drywall,each,8.38,material,https://www.homedepot.com/b/Building-Materials-Drywall-Drywall-Tape/Paper/N-5yc1vZc7qeZ1z0un0x,2026-09-23,Per roll.,,false
Paper joint tape 2-1/16 in. x 250 ft,drywall,each,4.57,material,https://www.homedepot.com/b/Building-Materials-Drywall-Drywall-Tape/Paper/N-5yc1vZc7qeZ1z0un0x,2026-09-23,Per roll.,,false
Metal corner bead 1-1/4 in. x 8 ft,drywall,each,4.47,material,https://www.homedepot.com/b/Building-Materials-Drywall-Drywall-Corner-Bead/8-ft/N-5yc1vZc7qnZ1z11605,2026-09-23,,,false
Vinyl corner bead 1-1/4 in. x 8 ft,drywall,each,2.88,material,https://www.homedepot.com/b/Building-Materials-Drywall-Drywall-Corner-Bead/8-ft/N-5yc1vZc7qnZ1z11605,2026-09-23,,,false
Paper-faced corner bead 8 ft,drywall,each,4.98,material,https://www.homedepot.com/b/Building-Materials-Drywall-Drywall-Corner-Bead/8-ft/N-5yc1vZc7qnZ1z11605,2026-09-23,,,false
"R-13 kraft-faced batts, 15 in. x 93 in.",insulation,bag,94.67,material,https://www.homedepot.com/b/Building-Materials-Insulation/Batt/N-5yc1vZasbsZ1z0utp9,2026-09-23,Approx 82 cents/sq ft.,,false
"R-13 kraft-faced batts, 23 in. x 93 in.",insulation,bag,127.00,material,https://www.homedepot.com/b/Building-Materials-Insulation/Batt/N-5yc1vZasbsZ1z0utp9,2026-09-23,Approx 78 cents/sq ft.,,false
"R-13 unfaced batts, EcoBatt 15 in. x 93 in.",insulation,bag,90.87,material,https://www.homedepot.com/b/Building-Materials-Insulation/Batt/N-5yc1vZasbsZ1z0utp9,2026-09-23,Approx 78 cents/sq ft.,,false
"R-19 kraft-faced batts, 15 in. x 94 in.",insulation,bag,99.00,material,https://www.homedepot.com/b/Building-Materials-Insulation/Batt/N-5yc1vZasbsZ1z0utp9,2026-09-23,Approx $1.01/sq ft.,,false
"R-19 kraft-faced batts, 23 in. x 94 in.",insulation,bag,135.00,material,https://www.homedepot.com/b/Building-Materials-Insulation/Batt/N-5yc1vZasbsZ1z0utp9,2026-09-23,Approx $1.00/sq ft.,,false
"R-30 kraft-faced batts, 16 in. x 48 in.",insulation,bag,99.00,material,https://www.homedepot.com/b/Building-Materials-Insulation/Batt/N-5yc1vZasbsZ1z0utp9,2026-09-23,Approx $1.43/sq ft.,,false
"R-30 kraft-faced batts, 24 in. x 48 in.",insulation,bag,129.00,material,https://www.homedepot.com/b/Building-Materials-Insulation/Batt/N-5yc1vZasbsZ1z0utp9,2026-09-23,Approx $1.47/sq ft.,,false
"Rigid foam 1 in. 4x8, FOAMULAR NGX R-5",insulation,each,32.94,material,https://www.homedepot.com/b/Building-Materials-Insulation-Foam-Board-Insulation/Owens-Corning/N-5yc1vZbaxxZ3q5,2026-09-23,Per sheet. $28.00 at 32+.,,false
"Rigid foam 2 in. 4x8, FOAMULAR NGX R-10",insulation,each,62.78,material,https://www.homedepot.com/b/Building-Materials-Insulation-Foam-Board-Insulation/Owens-Corning/N-5yc1vZbaxxZ3q5,2026-09-23,Per sheet. $53.36 at 32+.,,false
"Rigid foam 1/2 in. 4x8, R-3",insulation,each,23.65,material,https://www.homedepot.com/b/Building-Materials-Insulation-Foam-Board-Insulation/Owens-Corning/N-5yc1vZbaxxZ3q5,2026-09-23,Per sheet.,,false
"Concrete mix, Quikrete 80 lb",concrete,bag,6.47,material,https://www.homedepot.com/b/Building-Materials-Concrete-Cement-Masonry-Concrete/Quikrete/N-5yc1vZcdptZ2kj,2026-09-23,,,false
"Concrete mix, Quikrete 60 lb",concrete,bag,4.85,material,https://www.homedepot.com/b/Building-Materials-Concrete-Cement-Masonry-Concrete/Quikrete/N-5yc1vZcdptZ2kj,2026-09-23,,,false
"Concrete mix 80 lb, pallet",concrete,other,271.74,material,https://www.homedepot.com/b/Building-Materials-Concrete-Cement-Masonry-Concrete/Quikrete/N-5yc1vZcdptZ2kj,2026-09-23,42 bags per pallet.,,false
"Fast-setting concrete, 50 lb",concrete,bag,7.97,material,https://www.homedepot.com/b/Building-Materials-Concrete-Cement-Masonry-Concrete/Quikrete/N-5yc1vZcdptZ2kj,2026-09-23,$7.17 at 64+.,,false
"Concrete mix 5000 PSI, 50 lb",concrete,bag,6.47,material,https://www.homedepot.com/b/Building-Materials-Concrete-Cement-Masonry-Concrete/Quikrete/N-5yc1vZcdptZ2kj,2026-09-23,,,false
"High early-strength concrete, pallet",concrete,other,414.08,material,https://www.homedepot.com/b/Building-Materials-Concrete-Cement-Masonry-Concrete/Quikrete/N-5yc1vZcdptZ2kj,2026-09-23,"64 bags per pallet. PALLET ONLY - no per-bag price was listed, and a pallet is not always 64x a bag.",,false
"Mortar mix, Type S mason mix 80 lb",concrete,bag,8.97,material,https://www.homedepot.com/b/Building-Materials-Concrete-Cement-Masonry-Mortar-Mix/Quikrete/N-5yc1vZcdq4Z2kj,2026-09-23,,,false
"Mortar mix, Type N 60 lb",concrete,bag,7.33,material,https://www.homedepot.com/b/Building-Materials-Concrete-Cement-Masonry-Mortar-Mix/Quikrete/N-5yc1vZcdq4Z2kj,2026-09-23,,,false
"Portland cement, 94 lb",concrete,bag,18.97,material,https://www.homedepot.com/b/Building-Materials-Concrete-Cement-Masonry-Cement/N-5yc1vZ2fkpd4o,2026-09-23,,,false
"Masonry cement Type S, 70 lb",concrete,bag,18.31,material,https://www.homedepot.com/b/Building-Materials-Concrete-Cement-Masonry-Cement/N-5yc1vZ2fkpd4o,2026-09-23,,,false
CMU block 8x8x16,concrete,each,2.38,material,https://www.homedepot.com/b/Building-Materials-Concrete-Cement-Masonry-Cinder-Blocks/8-in/N-5yc1vZcdpeZ1z1vb5g,2026-09-23,,,false
CMU half block 8x8x8,concrete,each,2.40,material,https://www.homedepot.com/b/Building-Materials-Concrete-Cement-Masonry-Cinder-Blocks/8-in/N-5yc1vZcdpeZ1z1vb5g,2026-09-23,,,false
CMU header block 8x8x16,concrete,each,3.36,material,https://www.homedepot.com/b/Building-Materials-Concrete-Cement-Masonry-Cinder-Blocks/8-in/N-5yc1vZcdpeZ1z1vb5g,2026-09-23,,,false
Solid block 4x8x16,concrete,each,2.67,material,https://www.homedepot.com/b/Building-Materials-Concrete-Cement-Masonry-Cinder-Blocks/8-in/N-5yc1vZcdpeZ1z1vb5g,2026-09-23,,,false
"Rebar tie wire, 400 ft 16.5 ga",concrete,each,11.71,material,https://www.homedepot.com/b/Building-Materials-Concrete-Cement-Masonry/Rebar-Tie-Wire/N-5yc1vZarlkZ1z0zsl9,2026-09-23,Per roll.,,false
"Rebar tie wire, 340 ft 16 ga (2-pack)",concrete,box,15.39,material,https://www.homedepot.com/b/Building-Materials-Concrete-Cement-Masonry/Rebar-Tie-Wire/N-5yc1vZarlkZ1z0zsl9,2026-09-23,2-pack.,,false
"Architectural shingles, GAF Timberline HDZ",roofing,bundle,42.97,material,https://www.homedepot.com/b/Building-Materials-Roofing-Roof-Shingles/GAF/Architectural-Shingle/N-5yc1vZc5rbZllZ1z0ltv5,2026-09-23,"33.33 sq ft per bundle, approx $1.29/sq ft. 3 bundles per square.",,false
"Architectural shingles, GAF Timberline Natural Shadow",roofing,bundle,40.97,material,https://www.homedepot.com/b/Building-Materials-Roofing-Roof-Shingles/GAF/Architectural-Shingle/N-5yc1vZc5rbZllZ1z0ltv5,2026-09-23,"33.33 sq ft per bundle, approx $1.23/sq ft.",,false
"3-tab shingles, GAF Royal Sovereign / OC Supreme",roofing,bundle,38.97,material,https://www.homedepot.com/b/Building-Materials-Roofing-Roof-Shingles/3-Tab-Shingle/N-5yc1vZc5rbZ1z0ltv7,2026-09-23,"33.33 sq ft per bundle, approx $1.17/sq ft. $35.07 at 48+.",,false
"Ridge cap, GAF Seal-A-Ridge",roofing,bundle,62.97,material,https://www.homedepot.com/b/Building-Materials-Roofing-Roof-Shingles/Hip-and-Ridge-Shingle/N-5yc1vZc5rbZ1z0sh7c,2026-09-23,25 linear ft per bundle.,,false
"Ridge cap, Owens Corning ProEdge",roofing,bundle,70.97,material,https://www.homedepot.com/b/Building-Materials-Roofing-Roof-Shingles/Hip-and-Ridge-Shingle/N-5yc1vZc5rbZ1z0sh7c,2026-09-23,33 linear ft per bundle.,,false
"Drip edge, galvanized 1-1/4 in. x 1-1/2 in. x 10 ft",roofing,each,6.48,material,https://www.homedepot.com/b/Building-Materials-Roofing-Roof-Flashing/Drip-Edge/N-5yc1vZaqp7Z1z19xg6,2026-09-23,,,false
"Drip edge, galvanized 2 in. x 2 in. x 10 ft",roofing,each,8.58,material,https://www.homedepot.com/b/Building-Materials-Roofing-Roof-Flashing/Drip-Edge/N-5yc1vZaqp7Z1z19xg6,2026-09-23,,,false
"Drip edge, white aluminum 2-5/8 in. x 2-1/2 in. x 10 ft",roofing,each,9.48,material,https://www.homedepot.com/b/Building-Materials-Roofing-Roof-Flashing/Drip-Edge/N-5yc1vZaqp7Z1z19xg6,2026-09-23,,,false
"Felt underlayment, 216 sq ft roll",roofing,each,35.98,material,https://www.homedepot.com/b/Building-Materials-Roofing-Roof-Underlayments/Felt/N-5yc1vZc5rwZ1z0vie3,2026-09-23,Per roll. Weight class (#15 vs #30) was not stated on the listing - confirm at the shelf.,,false
"Synthetic underlayment, GAF FeltBuster, 1,000 sq ft",roofing,each,119.00,material,https://www.homedepot.com/b/Building-Materials-Roofing-Roof-Underlayments/Felt/N-5yc1vZc5rwZ1z0vie3,2026-09-23,Per roll.,,false
"Pipe boot, Oatey No-Calk aluminum 3-4 in.",roofing,each,9.90,material,https://www.homedepot.com/b/Building-Materials-Roofing-Roof-Flashing-Vent-Pipe-Flashing/Oatey/N-5yc1vZcb05Z12z,2026-09-23,,,false
"Pipe boot, Oatey No-Calk black plastic",roofing,each,3.98,material,https://www.homedepot.com/b/Building-Materials-Roofing-Roof-Flashing-Vent-Pipe-Flashing/Oatey/N-5yc1vZcb05Z12z,2026-09-23,,,false
"Pipe boot, Master Flash 6x6 adjustable",roofing,each,17.80,material,https://www.homedepot.com/b/Building-Materials-Roofing-Roof-Flashing-Vent-Pipe-Flashing/Oatey/N-5yc1vZcb05Z12z,2026-09-23,,,false
Crown molding 9/16 in. x 5-1/4 in. primed,finishes,linear_ft,1.48,material,https://www.homedepot.com/b/Building-Materials-Moulding-Millwork-Moulding-Crown-Moulding/Primed/N-5yc1vZcbjiZ1z0sfky,2026-09-23,Sold in 8 LF pieces at $11.86.,,false
"Crown molding, MDF 4-5/8 in.",finishes,linear_ft,2.08,material,https://www.homedepot.com/b/Building-Materials-Moulding-Millwork-Moulding-Crown-Moulding/Primed/N-5yc1vZcbjiZ1z0sfky,2026-09-23,Sold in 8 LF pieces at $16.64.,,false
Crown molding WM49 3-5/8 in.,finishes,linear_ft,2.74,material,https://www.homedepot.com/b/Building-Materials-Moulding-Millwork-Moulding-Crown-Moulding/Primed/N-5yc1vZcbjiZ1z0sfky,2026-09-23,,,false
EMT conduit 1/2 in. x 10 ft,electrical,each,6.98,material,https://www.homedepot.com/b/Electrical-Electrical-Boxes-Conduit-Fittings-Conduit/EMT/N-5yc1vZbohlZ1z1uzju,2026-09-23,Per 10 ft stick.,,false
EMT conduit 3/4 in. x 10 ft,electrical,each,11.75,material,https://www.homedepot.com/b/Electrical-Electrical-Boxes-Conduit-Fittings-Conduit/EMT/N-5yc1vZbohlZ1z1uzju,2026-09-23,Per 10 ft stick.,,false
EMT conduit 1 in. x 10 ft,electrical,each,20.58,material,https://www.homedepot.com/b/Electrical-Electrical-Boxes-Conduit-Fittings-Conduit/EMT/N-5yc1vZbohlZ1z1uzju,2026-09-23,Per 10 ft stick.,,false
"Recessed LED canless 6 in., Halo HLBSL",electrical,each,12.50,material,https://www.homedepot.com/b/Lighting-Recessed-Lighting/HALO/6-in/N-5yc1vZc7niZqwaZ1z1zwhp,2026-09-23,Sold 4-pack at $50.00. Priced per fixture.,,false
"LED wafer/retrofit module 6 in., Halo RL56",electrical,each,21.47,material,https://www.homedepot.com/b/Lighting-Recessed-Lighting/HALO/6-in/N-5yc1vZc7niZqwaZ1z1zwhp,2026-09-23,,,false
"LED retrofit module 6 in., Halo LT",electrical,each,11.24,material,https://www.homedepot.com/b/Lighting-Recessed-Lighting/HALO/6-in/N-5yc1vZc7niZqwaZ1z1zwhp,2026-09-23,Sold 4-pack at $44.97. Priced per fixture.,,false
"Bath exhaust fan 80 CFM, Commercial Electric",electrical,each,79.98,material,https://www.homedepot.com/b/Bath-Bathroom-Exhaust-Fans-Bath-Fans/80-CFM/N-5yc1vZc4kqZ1z1ylvw,2026-09-23,,,false
"Bath exhaust fan 80 CFM with light, Broan Roomside",electrical,each,119.00,material,https://www.homedepot.com/b/Bath-Bathroom-Exhaust-Fans-Bath-Fans/80-CFM/N-5yc1vZc4kqZ1z1ylvw,2026-09-23,,,false
Copper pipe type M 1/2 in. x 10 ft,plumbing,each,29.96,material,https://www.homedepot.com/b/Plumbing-Pipe-Fittings-Pipe-Copper-Pipe/Type-M/10-ft/N-5yc1vZ1z18i44Z1z116t7Z1z1b3z6,2026-09-23,$3.00/ft. $23.97 at 10+.,,false
Copper pipe type M 1 in. x 10 ft,plumbing,each,73.27,material,https://www.homedepot.com/b/Plumbing-Pipe-Fittings-Pipe-Copper-Pipe/Type-M/10-ft/N-5yc1vZ1z18i44Z1z116t7Z1z1b3z6,2026-09-23,$7.33/ft.,,false
"PEX 1/2 in. 90-deg elbow, push-to-connect",plumbing,each,7.85,material,https://www.homedepot.com/b/Plumbing-Pipe-Fittings-Fittings-PEX-Fittings/SharkBite/1-2/N-5yc1vZ1z18i38Z4n3Z1z0u2lv,2026-09-23,"PUSH-TO-CONNECT, not crimp. Approx 4x the crimp equivalent - do not substitute into a crimp takeoff.",,false
"PEX 1/2 in. tee, push-to-connect",plumbing,each,10.76,material,https://www.homedepot.com/b/Plumbing-Pipe-Fittings-Fittings-PEX-Fittings/SharkBite/1-2/N-5yc1vZ1z18i38Z4n3Z1z0u2lv,2026-09-23,"PUSH-TO-CONNECT, not crimp.",,false
"PEX 1/2 in. coupling, push-to-connect",plumbing,each,7.11,material,https://www.homedepot.com/b/Plumbing-Pipe-Fittings-Fittings-PEX-Fittings/SharkBite/1-2/N-5yc1vZ1z18i38Z4n3Z1z0u2lv,2026-09-23,"PUSH-TO-CONNECT, not crimp.",,false
"Water heater, 40 gal gas tall, 36k BTU",plumbing,each,629.00,material,https://www.homedepot.com/b/Plumbing-Water-Heaters-Tank-Water-Heaters-Gas-Tank-Water-Heaters/40-gal/N-5yc1vZ2fkoqeoZ1z1t3ok,2026-09-23,Rheem.,,false
"Water heater, 40 gal gas short, 34k BTU",plumbing,each,649.00,material,https://www.homedepot.com/b/Plumbing-Water-Heaters-Tank-Water-Heaters-Gas-Tank-Water-Heaters/40-gal/N-5yc1vZ2fkoqeoZ1z1t3ok,2026-09-23,Rheem.,,false
"Kitchen faucet pull-down, Moen Doherty",plumbing,each,139.00,material,https://www.homedepot.com/b/Kitchen-Kitchen-Faucets-Pull-Down-Kitchen-Faucets/MOEN/N-5yc1vZbdfwZ3zb,2026-09-23,Was $179.00 - promotional price at time of check.,,false
"Kitchen faucet pull-down, Moen Adler",plumbing,each,169.00,material,https://www.homedepot.com/b/Kitchen-Kitchen-Faucets-Pull-Down-Kitchen-Faucets/MOEN/N-5yc1vZbdfwZ3zb,2026-09-23,,,false
"2x8x8, #2 premium SYP",lumber,each,10.25,material,https://www.homedepot.com/b/Lumber-Composites-Dimensional-Lumber/2x8/N-5yc1vZc3tcZ1z0ywxx,2026-09-23,,,false
"2x8x10, #2 premium SYP",lumber,each,12.82,material,https://www.homedepot.com/b/Lumber-Composites-Dimensional-Lumber/2x8/N-5yc1vZc3tcZ1z0ywxx,2026-09-23,,,false
"2x8x12, #2 premium SYP",lumber,each,15.38,material,https://www.homedepot.com/b/Lumber-Composites-Dimensional-Lumber/2x8/N-5yc1vZc3tcZ1z0ywxx,2026-09-23,,,false
"2x8x16, #2 premium SYP",lumber,each,21.12,material,https://www.homedepot.com/b/Lumber-Composites-Dimensional-Lumber/2x8/N-5yc1vZc3tcZ1z0ywxx,2026-09-23,,,false
"2x8x16, #2 and better SPF",lumber,each,19.98,material,https://www.homedepot.com/b/Lumber-Composites-Dimensional-Lumber/2x8/N-5yc1vZc3tcZ1z0ywxx,2026-09-23,,,false
"1x4x8 whitewood common board, premium KD",lumber,each,8.98,material,https://www.homedepot.com/b/Lumber-Composites-Boards-Planks-Panels-Appearance-Boards/N-5yc1vZbqmc,2026-09-23,,,false
1x4x8 radiata pine finger-joint primed,lumber,each,10.22,material,https://www.homedepot.com/b/Lumber-Composites-Boards-Planks-Panels-Appearance-Boards/N-5yc1vZbqmc,2026-09-23,,,false
1x6x8 radiata pine finger-joint primed,lumber,each,15.92,material,https://www.homedepot.com/b/Lumber-Composites-Boards-Planks-Panels-Appearance-Boards/N-5yc1vZbqmc,2026-09-23,,,false
"5/4x6x8 pressure treated decking, ground contact",lumber,each,7.58,material,https://www.homedepot.com/b/Lumber-Composites-Decking-Deck-Boards-Wood-Decking-Boards/Pressure-Treated/5-4-in-x-6-in/N-5yc1vZc80mZ1z0n4vtZ1z0n5mi,2026-09-23,,,false
"5/4x6x10 pressure treated decking, ground contact",lumber,each,9.48,material,https://www.homedepot.com/b/Lumber-Composites-Decking-Deck-Boards-Wood-Decking-Boards/Pressure-Treated/5-4-in-x-6-in/N-5yc1vZc80mZ1z0n4vtZ1z0n5mi,2026-09-23,,,false
"5/4x6x12 pressure treated decking, GC premium",lumber,each,15.48,material,https://www.homedepot.com/b/Lumber-Composites-Decking-Deck-Boards-Wood-Decking-Boards/Pressure-Treated/5-4-in-x-6-in/N-5yc1vZc80mZ1z0n4vtZ1z0n5mi,2026-09-23,,,false
"5/4x6x16 pressure treated decking, ground contact",lumber,each,15.18,material,https://www.homedepot.com/b/Lumber-Composites-Decking-Deck-Boards-Wood-Decking-Boards/Pressure-Treated/5-4-in-x-6-in/N-5yc1vZc80mZ1z0n4vtZ1z0n5mi,2026-09-23,,,false
#4 rebar 1/2 in. x 20 ft,concrete,each,14.33,material,https://www.homedepot.com/b/Building-Materials-Concrete-Cement-Masonry-Rebar-Accessories/N-5yc1vZ2fkp63n,2026-09-23,$12.18 at 50+.,,false
#4 rebar 1/2 in. x 10 ft,concrete,each,8.92,material,https://www.homedepot.com/b/Building-Materials-Concrete-Cement-Masonry-Rebar-Accessories/N-5yc1vZ2fkp63n,2026-09-23,$7.58 at 50+.,,false
#3 rebar 3/8 in. x 20 ft,concrete,each,8.98,material,https://www.homedepot.com/b/Building-Materials-Concrete-Cement-Masonry-Rebar-Accessories/N-5yc1vZ2fkp63n,2026-09-23,,,false
#5 rebar 5/8 in. x 20 ft,concrete,each,22.20,material,https://www.homedepot.com/b/Building-Materials-Concrete-Cement-Masonry-Rebar-Accessories/N-5yc1vZ2fkp63n,2026-09-23,,,false
"PEX 1/2 in. 90-deg elbow, crimp barb brass",plumbing,each,2.75,material,https://www.homedepot.com/b/Plumbing-Pipe-Fittings-Fittings-PEX-Fittings/Crimp-Barb/N-5yc1vZ1z18i38Z1z26mr4,2026-09-23,"CRIMP, not push-to-connect. 10-pack $24.36 ($2.44 ea).",,false
"PEX 1/2 in. tee, crimp barb brass",plumbing,each,3.69,material,https://www.homedepot.com/b/Plumbing-Pipe-Fittings-Fittings-PEX-Fittings/Crimp-Barb/N-5yc1vZ1z18i38Z1z26mr4,2026-09-23,CRIMP. Sold 10-pack at $36.90.,,false
"PEX 1/2 in. 90-deg elbow, crimp barb poly-alloy",plumbing,each,1.28,material,https://www.homedepot.com/b/Plumbing-Pipe-Fittings-Fittings-PEX-Fittings/Crimp-Barb/N-5yc1vZ1z18i38Z1z26mr4,2026-09-23,CRIMP. Sold 5-pack at $6.38.,,false
"Wax ring, standard with bolts",plumbing,each,4.45,material,https://www.homedepot.com/b/Plumbing-Plumbing-Parts-Toilet-Parts-Toilet-Wax-Rings/N-5yc1vZ2fkouc0,2026-09-23,Oatey Johni-Ring.,,false
Wax ring with plastic horn and bolts,plumbing,each,6.40,material,https://www.homedepot.com/b/Plumbing-Plumbing-Parts-Toilet-Parts-Toilet-Wax-Rings/N-5yc1vZ2fkouc0,2026-09-23,Oatey Johni-Ring.,,false
"Wax ring, extra thick (jumbo)",plumbing,each,3.98,material,https://www.homedepot.com/b/Plumbing-Plumbing-Parts-Toilet-Parts-Toilet-Wax-Rings/N-5yc1vZ2fkouc0,2026-09-23,Hercules Johni-Ring Jumbo.,,false
"Wax ring, extra thick reinforced with horn and bolts",plumbing,each,9.99,material,https://www.homedepot.com/b/Plumbing-Plumbing-Parts-Toilet-Parts-Toilet-Wax-Rings/N-5yc1vZ2fkouc0,2026-09-23,,,false
"Wax ring, DANCO Perfect Seal with bolts",plumbing,each,10.98,material,https://www.homedepot.com/b/Plumbing-Plumbing-Parts-Toilet-Parts-Toilet-Wax-Rings/N-5yc1vZ2fkouc0,2026-09-23,,,false
PTFE/Teflon tape 1/2 in. x 260 in.,plumbing,each,0.98,material,https://www.homedepot.com/b/Plumbing-Plumbing-Accessories-Pipe-Sealants/Plumbers-Tape/N-5yc1vZ2fkp8enZ1z239qs,2026-09-23,Per roll.,,false
PTFE/Teflon tape 1/2 in. x 260 in. (5-pack),plumbing,box,2.36,material,https://www.homedepot.com/b/Plumbing-Plumbing-Accessories-Pipe-Sealants/Plumbers-Tape/N-5yc1vZ2fkp8enZ1z239qs,2026-09-23,5 rolls.,,false
"PTFE tape, Blue Monster 1/2 in. x 1429 in.",plumbing,each,3.96,material,https://www.homedepot.com/b/Plumbing-Plumbing-Accessories-Pipe-Sealants/Plumbers-Tape/N-5yc1vZ2fkp8enZ1z239qs,2026-09-23,Per roll.,,false
"Bathroom faucet, 4 in. centerset chrome, Constructor",plumbing,each,26.98,material,https://www.homedepot.com/b/Bath-Bathroom-Faucets-Bathroom-Sink-Faucets-Centerset-Bathroom-Faucets/Glacier-Bay/N-5yc1vZbrhkZn7,2026-09-23,Glacier Bay. $24.28 at 3+.,,false
"Bathroom faucet, 4 in. centerset chrome, Builders",plumbing,each,34.98,material,https://www.homedepot.com/b/Bath-Bathroom-Faucets-Bathroom-Sink-Faucets-Centerset-Bathroom-Faucets/Glacier-Bay/N-5yc1vZbrhkZn7,2026-09-23,Glacier Bay. $31.48 at 3+.,,false
"Bathroom faucet, 4 in. centerset brushed nickel, Builders",plumbing,each,39.98,material,https://www.homedepot.com/b/Bath-Bathroom-Faucets-Bathroom-Sink-Faucets-Centerset-Bathroom-Faucets/Glacier-Bay/N-5yc1vZbrhkZn7,2026-09-23,Glacier Bay. $35.98 at 3+.,,false
Romex NM-B 10/2 with ground,electrical,linear_ft,1.23,material,https://www.homedepot.com/b/Electrical-Wire/250-ft/10-2/N-5yc1vZbm7vZ1z1ugztZ1z1uhig,2026-09-23,250 ft roll at $308.00.,,false
UF-B 10/2 direct burial,electrical,linear_ft,1.49,material,https://www.homedepot.com/b/Electrical-Wire/250-ft/10-2/N-5yc1vZbm7vZ1z1ugztZ1z1uhig,2026-09-23,250 ft roll at $373.00.,,false
New-work box 1-gang 20 cu in PVC,electrical,each,0.96,material,https://www.homedepot.com/b/Electrical-Electrical-Boxes-Conduit-Fittings-Boxes-Brackets/New-Work/N-5yc1vZbohnZ1z23bd9,2026-09-23,,,false
New-work box 1-gang 18 cu in PVC,electrical,each,0.92,material,https://www.homedepot.com/b/Electrical-Electrical-Boxes-Conduit-Fittings-Boxes-Brackets/New-Work/N-5yc1vZbohnZ1z23bd9,2026-09-23,Case of 100 at $73.87 (74 cents each).,,false
New-work box 1-gang 22 cu in PVC,electrical,each,1.10,material,https://www.homedepot.com/b/Electrical-Electrical-Boxes-Conduit-Fittings-Boxes-Brackets/New-Work/N-5yc1vZbohnZ1z23bd9,2026-09-23,,,false
New-work box 2-gang 32 cu in PVC,electrical,each,2.24,material,https://www.homedepot.com/b/Electrical-Electrical-Boxes-Conduit-Fittings-Boxes-Brackets/New-Work/N-5yc1vZbohnZ1z23bd9,2026-09-23,,,false
Fan-rated ceiling box with captive nails,electrical,each,7.98,material,https://www.homedepot.com/b/Electrical-Electrical-Boxes-Conduit-Fittings-Boxes-Brackets/New-Work/N-5yc1vZbohnZ1z23bd9,2026-09-23,,,false
"Hollow core door slab 30 in. x 80 in., 6-panel textured",finishes,each,67.00,material,https://www.homedepot.com/b/Doors-Windows-Interior-Doors-Slab-Doors/Hollow-Core/N-5yc1vZc5ieZ1z18cn7,2026-09-23,,,false
"Hollow core door slab 30 in. x 80 in., 6-panel with bore",finishes,each,72.00,material,https://www.homedepot.com/b/Doors-Windows-Interior-Doors-Slab-Doors/Hollow-Core/N-5yc1vZc5ieZ1z18cn7,2026-09-23,,,false
"Hollow core door slab 32 in. x 80 in., 6-panel textured",finishes,each,71.00,material,https://www.homedepot.com/b/Doors-Windows-Interior-Doors-Slab-Doors/Hollow-Core/N-5yc1vZc5ieZ1z18cn7,2026-09-23,,,false
"Hollow core door slab 32 in. x 80 in., 6-panel with bore",finishes,each,76.00,material,https://www.homedepot.com/b/Doors-Windows-Interior-Doors-Slab-Doors/Hollow-Core/N-5yc1vZc5ieZ1z18cn7,2026-09-23,,,false
"Hollow core door slab 30 in. x 80 in., primed smooth flush",finishes,each,72.00,material,https://www.homedepot.com/b/Doors-Windows-Interior-Doors-Slab-Doors/Hollow-Core/N-5yc1vZc5ieZ1z18cn7,2026-09-23,,,false
"Door casing WM356 primed pine, 11/16 x 2-1/4",finishes,linear_ft,1.18,material,https://www.homedepot.com/b/Building-Materials-Moulding-Millwork-Moulding/Primed/Pine/Casing/N-5yc1vZara1Z1z0sfkyZ1z135qsZ1z18u9y,2026-09-23,Sold in 7 LF (84 in.) pieces at $8.28. Pro Pack 5-piece/35 LF at $28.98 = 83 cents/LF.,,false
Door casing WM366 primed,finishes,linear_ft,1.14,material,https://www.homedepot.com/b/Building-Materials-Moulding-Millwork-Moulding/Primed/Pine/Casing/N-5yc1vZara1Z1z0sfkyZ1z135qsZ1z18u9y,2026-09-23,,,false
"Laminate flooring, builder grade",finishes,sq_ft,0.99,material,https://www.homedepot.com/b/Flooring-Laminate-Flooring-Laminate-Wood-Flooring/N-5yc1vZbejk,2026-09-23,TrafficMaster. Case $23.92.,,false
"Laminate flooring, mid grade",finishes,sq_ft,1.99,material,https://www.homedepot.com/b/Flooring-Laminate-Flooring-Laminate-Wood-Flooring/N-5yc1vZbejk,2026-09-23,Home Decorators Collection. Case $31.64.,,false
"Laminate flooring, upgrade grade",finishes,sq_ft,2.69,material,https://www.homedepot.com/b/Flooring-Laminate-Flooring-Laminate-Wood-Flooring/N-5yc1vZbejk,2026-09-23,Pergo Outlast+. Case $52.80.,,false
"Porcelain floor tile 12x24, builder grade",finishes,sq_ft,1.47,material,https://www.homedepot.com/b/Flooring-Tile-Porcelain-Tile/Floor/N-5yc1vZb97mZ1z1u52m,2026-09-23,Daltile Rorington. Case $25.85.,,false
"Porcelain floor tile 24x48, marble look",finishes,sq_ft,1.97,material,https://www.homedepot.com/b/Flooring-Tile-Porcelain-Tile/Floor/N-5yc1vZb97mZ1z1u52m,2026-09-23,Home Decorators Collection. Case $31.52.,,false
"Porcelain floor tile 9x47, wood look, upgrade grade",finishes,sq_ft,2.97,material,https://www.homedepot.com/b/Flooring-Tile-Porcelain-Tile/Floor/N-5yc1vZb97mZ1z1u52m,2026-09-23,MSI. Case $34.88.,,false
"Unmodified thinset, CustomBlend gray, 50 lb",finishes,bag,6.97,material,https://www.homedepot.com/b/Flooring-Flooring-Supplies-Tile-Setting-Tile-Mortar/Thin-set-mortar/N-5yc1vZcduxZ1z0mhi0,2026-09-23,,,false
"Unsanded grout, Polyblend Plus, 10 lb",finishes,bag,13.98,material,https://www.homedepot.com/b/Flooring-Flooring-Supplies-Tile-Setting-Grout/Custom-Building-Products/Unsanded/N-5yc1vZcdtxZefZ1z0mhi5,2026-09-23,Price is colour dependent: $13.98 to $18.48 across colours. Low end recorded.,,false
"Unsanded grout, Polyblend Plus, 1 lb",finishes,bag,7.97,material,https://www.homedepot.com/b/Flooring-Flooring-Supplies-Tile-Setting-Grout/Custom-Building-Products/Unsanded/N-5yc1vZcdtxZefZ1z0mhi5,2026-09-23,,,false
"Bifold closet door 30 in. x 80 in., 6-panel",finishes,each,112.00,material,https://www.homedepot.com/b/Doors-Windows-Interior-Doors-Closet-Doors-Bifold-Doors/N-5yc1vZc5ik,2026-09-23,JELD-WEN. Was $155.88 - promotional at time of check.,,false
"Bifold closet door 32 in. x 80 in., 6-panel",finishes,each,103.17,material,https://www.homedepot.com/b/Doors-Windows-Interior-Doors-Closet-Doors-Bifold-Doors/N-5yc1vZc5ik,2026-09-23,Masonite. Was $148.65 - promotional at time of check.,,false
"Bifold closet door 36 in. x 80 in., flush hardboard",finishes,each,122.00,material,https://www.homedepot.com/b/Doors-Windows-Interior-Doors-Closet-Doors-Bifold-Doors/N-5yc1vZc5ik,2026-09-23,Masonite.,,false
